code,generated_at
shetty0SOPW6E2CI3KBKOV7,2026-03-20T18:50:38.625Z
shetty9JQOYJ06U27V3KNPB,2026-03-20T18:50:38.625Z
shettyP5C3TDWRMC3MC3K9L,2026-03-20T18:50:38.625Z
shettyZ67YAKH9LYO6A4N87,2026-03-20T18:50:38.625Z
shettyPPBSFJPUAJBQY5C01,2026-03-20T18:50:38.625Z
shettyJZSSRQN2SZO43M74F,2026-03-20T18:50:38.625Z
shettyMSADKCI1J6HWM1NIJ,2026-03-20T18:50:38.625Z
shetty630BFQUOHGBHKFR7T,2026-03-20T18:50:38.625Z
shettyCNBUVMCX6855WBJ6W,2026-03-20T18:50:38.625Z
shetty8BWTY6EP53JI96M02,2026-03-20T18:50:38.625Z
shetty0B9BHNEOLWGPOULCB,2026-03-20T18:50:38.625Z
shettyKOQCZBQDBMAD83HP0,2026-03-20T18:50:38.625Z
shettyNZB6BLJM1FCCI835F,2026-03-20T18:50:38.625Z
shettyO54W46Y6T06Q5ZX5Z,2026-03-20T18:50:38.625Z
shettyR6YHIB3JBFXWMPIRK,2026-03-20T18:50:38.625Z
shetty0HC5L125GNM5O54VM,2026-03-20T18:50:38.625Z
shetty8FLXOH4U5OH60RZNC,2026-03-20T18:50:38.625Z
shettyMCWAR3KY824Z7ASII,2026-03-20T18:50:38.625Z
shettyS5U255118FKTA1XCO,2026-03-20T18:50:38.625Z
shettyVV7BUJ05RLRG3FO94,2026-03-20T18:50:38.625Z
shettySRKWLOHRYXHHRCKWN,2026-03-20T18:50:38.625Z
shettyBSKHV9RFMMN1QZZHC,2026-03-20T18:50:38.625Z
shetty8CBIPL9KO11ZHKXC4,2026-03-20T18:50:38.625Z
shettySH1JUCYF5AR936HJ6,2026-03-20T18:50:38.625Z
shetty4GPZAOJR7KR4Q5MJ3,2026-03-20T18:50:38.625Z
shetty8KE51JP6I32C52LZE,2026-03-20T18:50:38.625Z
shettyBSC7TCT3C0CTRHPIX,2026-03-20T18:50:38.625Z
shettyNY5T1DAPG31XG504Z,2026-03-20T18:50:38.625Z
shettyFXLFALRUNF7HMVVA5,2026-03-20T18:50:38.625Z
shettyRSW459RR90LYEY5KZ,2026-03-20T18:50:38.625Z